{"train_mean": -21.78933142917838, "train_std": 127.72768547969243}